{"cameraMode":{"drawMode":0,"name":"Shaded","section":"Shading Mode"},"sceneLighting":true,"audioPlay":false,"sceneViewState":{"m_AlwaysRefresh":false,"showFog":true,"showSkybox":true,"showFlares":true,"showImageEffects":true,"showParticleSystems":true,"showVisualEffectGraphs":true,"m_FxEnabled":true},"in2DMode":false,"pivot":{"x":1.8355717658996583,"y":1.3263673782348633,"z":3.520362138748169},"rotation":{"x":-0.11820059269666672,"y":0.6836835145950317,"z":0.11363590508699417,"w":0.7112032175064087},"size":1.124863624572754,"orthographic":false}