{"cameraMode":{"drawMode":0,"name":"Shaded","section":"Shading Mode"},"sceneLighting":false,"audioPlay":false,"sceneViewState":{"m_AlwaysRefresh":false,"showFog":true,"showSkybox":false,"showFlares":true,"showImageEffects":true,"showParticleSystems":true,"showVisualEffectGraphs":true,"m_FxEnabled":true},"in2DMode":false,"pivot":{"x":311.5314636230469,"y":257.66925048828127,"z":9.578399658203125},"rotation":{"x":0.0011692224070429803,"y":0.9980112910270691,"z":0.05995262786746025,"w":-0.01946369558572769},"size":364.92694091796877,"orthographic":false}