{"cameraMode":{"drawMode":0,"name":"Shaded","section":"Shading Mode"},"sceneLighting":false,"audioPlay":false,"sceneViewState":{"m_AlwaysRefresh":false,"showFog":true,"showSkybox":false,"showFlares":true,"showImageEffects":true,"showParticleSystems":true,"showVisualEffectGraphs":true,"m_FxEnabled":true},"in2DMode":false,"pivot":{"x":-0.2192986011505127,"y":1.3588058948516846,"z":-0.12475772202014923},"rotation":{"x":-0.19593165814876557,"y":0.6714876890182495,"z":-0.19105570018291474,"w":-0.6886349320411682},"size":2.423292636871338,"orthographic":false}